[{"name":"Political Suicide: Missteps, Peccadilloes, Bad Calls, Backroom Hijinx, Sordid Pasts, Rotten Breaks, and Just Plain Dumb Mistakes in the Annals of American Politics","price":36.2819,"description":"Just in time for the presidential election of 2016 comes Political Suicide, a history of the best and most interesting missteps, peccadilloes, bad calls, back room hijinks, sordid pasts, rotten breaks, and just plain dumb mistakes in the annals of American politics.They have tweeted their private parts to women they're trying to impress. They have gotten caught on tape doi Just in time for the presidential election of 2016 comes Political Suicide, a history of the best and most interesting missteps, peccadilloes, bad calls, back room hijinks, sordid pasts, rotten breaks, and just plain dumb mistakes in the annals of American politics. They have tweeted their private parts to women they're trying to impress. They have gotten caught on tape doing and saying things they really shouldn't have. They have denied knowing about the underhanded doings of underlings — only to have a paper trail lead straight back to them. Nowadays, it seems like half of what we hear about politicians isn't about laws or governing, but is instead coverage focused on shenanigans, questionable morals, and scandals too numerous to count. And while we shake our heads in disbelief, we still can't resist poring over the details of these notorious incidents.In Political Suicide, the foibles of our politicians are brought from the tabloid pages to this entertaining — and cautionary — tale of American history. ...more","category":"History","image_path":"media/history/political_suicide__missteps__peccadilloes__bad_calls__backroom_hijinx__sordid_pasts__rotten_breaks__and_just_plain_dumb_mistakes_in_the_annals_of_american_politics.jpg"},{"name":"Patience","price":10.1618,"description":"Patience is a psychedelic science-fiction love story, veering with uncanny precision from violent destruction to deeply personal tenderness in a way that is both quintessentially “Clowesian” and utterly unique in the author’s body of work. This 180-page, full-color original graphic novel affords Clowes the opportunity to draw some of the most exuberant and breathtaking pag Patience is a psychedelic science-fiction love story, veering with uncanny precision from violent destruction to deeply personal tenderness in a way that is both quintessentially “Clowesian” and utterly unique in the author’s body of work. This 180-page, full-color original graphic novel affords Clowes the opportunity to draw some of the most exuberant and breathtaking pages of his life, and to tell his most suspenseful, surprising and affecting story yet. ...more","category":"Sequential Art","image_path":"media/sequential_art/patience.jpg"},{"name":"Join","price":35.6732,"description":"What if you could live multiple lives simultaneously, have constant, perfect companionship, and never die? That’s the promise of Join, a revolutionary technology that allows small groups of minds to unite, forming a single consciousness that experiences the world through multiple bodies. But as two best friends, Chance and Lucky, living in an alternate version of our own n What if you could live multiple lives simultaneously, have constant, perfect companionship, and never die? That’s the promise of Join, a revolutionary technology that allows small groups of minds to unite, forming a single consciousness that experiences the world through multiple bodies. But as two best friends, Chance and Lucky, living in an alternate version of our own near future quickly discover, the light of that miracle may be blinding them to its horrors.Jolted out of comfortable, professional routines by a brutal encounter with a terrifying stranger and a malfunction in the join technology, Chance and Lucky follow a faint trail of clues off the grid in their desperate search for a cure. Their journey leads them into the scarred heart of the North American continent. There, within the improvised shelter of the “solos” left behind by the rush of technology, they encounter the architects of a new kind of human consciousness. With the planet descending into environmental ruin, their trust of each other becomes their only guide through the moral hazards of a society in which individual identity has come undone. Along the way, they must confront their own long-buried secrets, and learn how their story of injured conscience connects them to the arc of human evolution.A deftly crafted, kaleidoscopic novel with the pulse of a thriller, Join explores big ideas in the current zeitgeist on an intimate, human scale. ...more","category":"Science Fiction","image_path":"media/science_fiction/join.jpg"}]