[{"name":"The Past Never Ends","price":56.5019,"description":"A simple task, Attorney Chester Morgan thinks. Get a copy of a public record for a young man whose only friend has died in an unexplained accidental death. Except... The police file regarding the demise of sex worker Tanya Everly has been sealed by the order of the chief of police, and no one will talk. Warned to drop the matter, Attorney Morgan knows that if he doesn't sp A simple task, Attorney Chester Morgan thinks. Get a copy of a public record for a young man whose only friend has died in an unexplained accidental death. Except... The police file regarding the demise of sex worker Tanya Everly has been sealed by the order of the chief of police, and no one will talk. Warned to drop the matter, Attorney Morgan knows that if he doesn't speak for the dead young woman, no one will. Haunted by his discovery of the body of a prominent local oilman, Morgan pursues a quest for justice that puts his reputation, career, and life at risk. A journey that takes him into the dark shadows of the sex-for-sale business, into the marble courtrooms of Oklahoma, and into the aching loneliness of his own soul. Set in the American Southwest in the days before 9/11, The Past Never Ends is both a complex murder mystery and a meditation on the self-perpetuating nature of injustice and the ethereal nature of justice itself. ...more","category":"Mystery","image_path":"media/mystery/the_past_never_ends.jpg"},{"name":"#HigherSelfie: Wake Up Your Life. Free Your Soul. Find Your Tribe.","price":23.1126,"description":"There is a cosmic alarm clock going off around the world! #HigherSelfie's aim is to unite all those waking up spiritually in this digital age. This book is a guide to love, connection, and kickass surrendered action for young people who have at least a toe in the door of spirituality. With a no-nonsense approach and full of wit and humor, this book shares age-old concepts There is a cosmic alarm clock going off around the world! #HigherSelfie's aim is to unite all those waking up spiritually in this digital age. This book is a guide to love, connection, and kickass surrendered action for young people who have at least a toe in the door of spirituality. With a no-nonsense approach and full of wit and humor, this book shares age-old concepts in a language that is accessible to the modern spiritual audience. Whether you have just bought a yoga mat or have been meditating for years, this book will offer you guidance and support, whatever stage of the journey you're at. Life coaches Jo Westwood and Lucy Sheridan touch upon timeless topics such as forgiveness, surrender and the ego, as well as subjects specific to the current age, such as using social media in a healthy way, finding a like-minded tribe, and following your own spiritual and life paths without comparing yourself to others. Whether you're a Reiki master, climbing the corporate ladder or working in a suburban garden center #HigherSelfie will be the perfect ‘gateway drug’ for those looking for something deeper and more meaningful. ...more","category":"Nonfiction","image_path":"media/nonfiction/_higherselfie__wake_up_your_life__free_your_soul__find_your_tribe_.jpg"},{"name":"Untitled Collection: Sabbath Poems 2014","price":14.2757,"description":"More than thirty-five years ago, when the weather allowed, Wendell Berry began spending his sabbaths outdoors, walking and wandering around familiar territory, seeking a deep intimacy only time could provide. These walks arranged themselves into poems and each year since he has completed a sequence dated by the year of its composition. Last year we collected the lot into a More than thirty-five years ago, when the weather allowed, Wendell Berry began spending his sabbaths outdoors, walking and wandering around familiar territory, seeking a deep intimacy only time could provide. These walks arranged themselves into poems and each year since he has completed a sequence dated by the year of its composition. Last year we collected the lot into a collection, This Day, the Sabbath Poems 1979-2013. This new sequence for the following year is one of the richest yet. This group provides a virtual syllabus for all of Mr. Berry’s cultural and agricultural work in concentrated form. Many of these poems are drawn from the view from a small porch in the woods, a place of stillness and reflection, a vantage point “of the one/life of the forest composed/of uncountable lives in countless/years each life coherent itself within/ the coherence, the great composure,/of all.” A new collection of Wendell Berry poems is always an occasion of joyful celebration and this one is especially so. ...more","category":"Poetry","image_path":"media/poetry/untitled_collection__sabbath_poems_2014.jpg"}]